{"cameraMode":{"drawMode":0,"name":"Shaded","section":"Shading Mode"},"sceneLighting":true,"audioPlay":false,"sceneViewState":{"m_AlwaysRefresh":false,"showFog":true,"showSkybox":true,"showFlares":true,"showImageEffects":true,"showParticleSystems":true,"showVisualEffectGraphs":true,"m_FxEnabled":true},"in2DMode":false,"pivot":{"x":2.2333056926727297,"y":2.7345476150512697,"z":-3.172605514526367},"rotation":{"x":-0.03345518931746483,"y":0.9422160983085632,"z":-0.3183272182941437,"w":-0.09901027381420136},"size":1.4142135381698609,"orthographic":false}